{
    "reservations":
  [
      {
        "id": 1,
        "name": "Special Ensaymada | Hot Choco",
        "email": "EnsaymadaChoco.jpg",
        "date": "Breakfast",
        "no_of_people": "Php200",
        "phone_number": "test",
        "address": "test",
        "order_request": "Satisfy your sweet cravings with our delectable Ensaymada paired perfectly with rich Hot Chocolate. Indulge in the fluffy, buttery goodness of our Ensaymada, topped with creamy butter, sugar, and grated cheese. Paired with a steaming cup of Hot Chocolate, it's the ultimate comfort combination that will warm your heart and invigorate your senses with every delightful bite and sip."
      }
    ]
}